{
    "items": [
        {
            "joint": "None",
            "pose": {
                "position": {
                    "x": -0.12326642125844956,
                    "y": 0.08931556344032288,
                    "z": -0.4759177267551422
                },
                "rotation": {
                    "x": 0.0,
                    "y": 0.0,
                    "z": 0.0,
                    "w": 0.0
                }
            }
        },
        {
            "joint": "Wrist",
            "pose": {
                "position": {
                    "x": -0.0205683633685112,
                    "y": -0.09075187146663666,
                    "z": -0.10932549834251404
                },
                "rotation": {
                    "x": -0.003676861524581909,
                    "y": 0.18988016247749329,
                    "z": 0.9791730046272278,
                    "w": 0.07177451997995377
                }
            }
        },
        {
            "joint": "Palm",
            "pose": {
                "position": {
                    "x": -0.026067299768328668,
                    "y": -0.07349193096160889,
                    "z": -0.06611207872629166
                },
                "rotation": {
                    "x": -0.0036733110900968315,
                    "y": 0.1899431198835373,
                    "z": 0.9791443347930908,
                    "w": 0.07200412452220917
                }
            }
        },
        {
            "joint": "ThumbMetacarpalJoint",
            "pose": {
                "position": {
                    "x": -0.001929090591147542,
                    "y": -0.07578838616609574,
                    "z": -0.0963941216468811
                },
                "rotation": {
                    "x": 0.4745818078517914,
                    "y": -0.00890437513589859,
                    "z": 0.7618666291236877,
                    "w": -0.44073984026908877
                }
            }
        },
        {
            "joint": "ThumbProximalJoint",
            "pose": {
                "position": {
                    "x": 0.028823861852288247,
                    "y": -0.05875963345170021,
                    "z": -0.0732811987400055
                },
                "rotation": {
                    "x": 0.32810506224632265,
                    "y": 0.13452263176441194,
                    "z": 0.7686472535133362,
                    "w": -0.5323828458786011
                }
            }
        },
        {
            "joint": "ThumbDistalJoint",
            "pose": {
                "position": {
                    "x": 0.040102653205394748,
                    "y": -0.04139122739434242,
                    "z": -0.04990595951676369
                },
                "rotation": {
                    "x": 0.3406764268875122,
                    "y": 0.20103277266025544,
                    "z": 0.7425169348716736,
                    "w": -0.5405492186546326
                }
            }
        },
        {
            "joint": "ThumbTip",
            "pose": {
                "position": {
                    "x": 0.04528870806097984,
                    "y": -0.02940738946199417,
                    "z": -0.03755900263786316
                },
                "rotation": {
                    "x": 0.3406764268875122,
                    "y": 0.20103277266025544,
                    "z": 0.7425169348716736,
                    "w": -0.5405492186546326
                }
            }
        },
        {
            "joint": "IndexMetacarpal",
            "pose": {
                "position": {
                    "x": -0.012207991443574429,
                    "y": -0.0785764753818512,
                    "z": -0.0937529131770134
                },
                "rotation": {
                    "x": 0.09054140746593476,
                    "y": 0.16099980473518372,
                    "z": 0.9694188237190247,
                    "w": 0.1615799069404602
                }
            }
        },
        {
            "joint": "IndexKnuckle",
            "pose": {
                "position": {
                    "x": 0.001622582320123911,
                    "y": -0.0613839253783226,
                    "z": -0.03712599352002144
                },
                "rotation": {
                    "x": 0.044809840619564059,
                    "y": 0.3155473470687866,
                    "z": 0.9474731683731079,
                    "w": -0.0267599206417799
                }
            }
        },
        {
            "joint": "IndexMiddleJoint",
            "pose": {
                "position": {
                    "x": 0.004348198417574167,
                    "y": -0.037329141050577167,
                    "z": -0.005197776481509209
                },
                "rotation": {
                    "x": 0.04289134219288826,
                    "y": 0.59059077501297,
                    "z": 0.7951709032058716,
                    "w": -0.1306358426809311
                }
            }
        },
        {
            "joint": "IndexDistalJoint",
            "pose": {
                "position": {
                    "x": 0.0023091353941708805,
                    "y": -0.014818252064287663,
                    "z": 0.001877399394288659
                },
                "rotation": {
                    "x": -0.03196448087692261,
                    "y": 0.7490560412406921,
                    "z": 0.6575930714607239,
                    "w": -0.07391995191574097
                }
            }
        },
        {
            "joint": "IndexTip",
            "pose": {
                "position": {
                    "x": 0.0,
                    "y": 0.0,
                    "z": 0.0
                },
                "rotation": {
                    "x": -0.03196448087692261,
                    "y": 0.7490560412406921,
                    "z": 0.6575930714607239,
                    "w": -0.07391995191574097
                }
            }
        },
        {
            "joint": "MiddleMetacarpal",
            "pose": {
                "position": {
                    "x": -0.020273366943001748,
                    "y": -0.08037599176168442,
                    "z": -0.09397269040346146
                },
                "rotation": {
                    "x": 0.013304893858730793,
                    "y": 0.12962158024311067,
                    "z": 0.9914424419403076,
                    "w": -0.007918298244476319
                }
            }
        },
        {
            "joint": "MiddleKnuckle",
            "pose": {
                "position": {
                    "x": -0.018873190507292749,
                    "y": -0.0655718520283699,
                    "z": -0.038376014679670337
                },
                "rotation": {
                    "x": -0.043852996081113818,
                    "y": 0.5762162804603577,
                    "z": 0.8160499334335327,
                    "w": 0.01065654307603836
                }
            }
        },
        {
            "joint": "MiddleMiddleJoint",
            "pose": {
                "position": {
                    "x": -0.02131693996489048,
                    "y": -0.026772072538733484,
                    "z": -0.024688100442290307
                },
                "rotation": {
                    "x": -0.0010943382512778044,
                    "y": -0.9962407946586609,
                    "z": -0.07433608174324036,
                    "w": -0.044458698481321338
                }
            }
        },
        {
            "joint": "MiddleDistalJoint",
            "pose": {
                "position": {
                    "x": -0.01886834017932415,
                    "y": -0.022688116878271104,
                    "z": -0.051865335553884509
                },
                "rotation": {
                    "x": 0.08298297971487045,
                    "y": -0.9070985317230225,
                    "z": 0.4065805971622467,
                    "w": -0.0705535039305687
                }
            }
        },
        {
            "joint": "MiddleTip",
            "pose": {
                "position": {
                    "x": -0.015560681000351906,
                    "y": -0.034971218556165698,
                    "z": -0.06302352994680405
                },
                "rotation": {
                    "x": 0.08298297971487045,
                    "y": -0.9070985317230225,
                    "z": 0.4065805971622467,
                    "w": -0.0705535039305687
                }
            }
        },
        {
            "joint": "RingMetacarpal",
            "pose": {
                "position": {
                    "x": -0.031011532992124559,
                    "y": -0.08219899237155914,
                    "z": -0.0939483493566513
                },
                "rotation": {
                    "x": -0.03844396770000458,
                    "y": 0.18523629009723664,
                    "z": 0.976532518863678,
                    "w": -0.1029234379529953
                }
            }
        },
        {
            "joint": "RingKnuckle",
            "pose": {
                "position": {
                    "x": -0.03700186684727669,
                    "y": -0.06347538530826569,
                    "z": -0.044824108481407168
                },
                "rotation": {
                    "x": -0.06655773520469666,
                    "y": 0.6295392513275147,
                    "z": 0.7722632884979248,
                    "w": 0.05347265303134918
                }
            }
        },
        {
            "joint": "RingMiddleJoint",
            "pose": {
                "position": {
                    "x": -0.038269076496362689,
                    "y": -0.02848704159259796,
                    "z": -0.037733256816864017
                },
                "rotation": {
                    "x": -0.025550873950123788,
                    "y": -0.976044774055481,
                    "z": 0.16115738451480866,
                    "w": -0.14391517639160157
                }
            }
        },
        {
            "joint": "RingDistalJoint",
            "pose": {
                "position": {
                    "x": -0.03218984976410866,
                    "y": -0.035664163529872897,
                    "z": -0.057944606989622119
                },
                "rotation": {
                    "x": 0.02791859768331051,
                    "y": -0.7756783366203308,
                    "z": 0.6230789422988892,
                    "w": -0.09651792049407959
                }
            }
        },
        {
            "joint": "RingTip",
            "pose": {
                "position": {
                    "x": -0.028702549636363984,
                    "y": -0.053830210119485858,
                    "z": -0.0618172250688076
                },
                "rotation": {
                    "x": 0.02791859768331051,
                    "y": -0.7756783366203308,
                    "z": 0.6230789422988892,
                    "w": -0.09651792049407959
                }
            }
        },
        {
            "joint": "PinkyMetacarpal",
            "pose": {
                "position": {
                    "x": -0.039538975805044177,
                    "y": -0.08157815039157868,
                    "z": -0.09604985266923905
                },
                "rotation": {
                    "x": -0.09952083975076676,
                    "y": 0.2510589063167572,
                    "z": 0.9387911558151245,
                    "w": -0.2138591855764389
                }
            }
        },
        {
            "joint": "PinkyKnuckle",
            "pose": {
                "position": {
                    "x": -0.0548563189804554,
                    "y": -0.05925518274307251,
                    "z": -0.0515863336622715
                },
                "rotation": {
                    "x": -0.08902503550052643,
                    "y": 0.6482857465744019,
                    "z": 0.7396973967552185,
                    "w": 0.15699492394924165
                }
            }
        },
        {
            "joint": "PinkyMiddleJoint",
            "pose": {
                "position": {
                    "x": -0.05324401333928108,
                    "y": -0.03710710257291794,
                    "z": -0.04836405813694
                },
                "rotation": {
                    "x": -0.058136001229286197,
                    "y": -0.967332124710083,
                    "z": 0.10923659056425095,
                    "w": -0.22125910222530366
                }
            }
        },
        {
            "joint": "PinkyDistalJoint",
            "pose": {
                "position": {
                    "x": -0.04565788432955742,
                    "y": -0.04143679514527321,
                    "z": -0.06440386921167374
                },
                "rotation": {
                    "x": 0.06437896192073822,
                    "y": -0.7750950455665588,
                    "z": 0.5897969603538513,
                    "w": -0.21730643510818482
                }
            }
        },
        {
            "joint": "PinkyTip",
            "pose": {
                "position": {
                    "x": -0.039479125291109088,
                    "y": -0.05470288172364235,
                    "z": -0.0675446167588234
                },
                "rotation": {
                    "x": 0.06437896192073822,
                    "y": -0.7750950455665588,
                    "z": 0.5897969603538513,
                    "w": -0.21730643510818482
                }
            }
        }
    ]
}