{
  "items": [
    {
      "joint": "None",
      "pose": {
        "position": {
          "x": 0.0021753902547061445,
          "y": -0.13046418130397798,
          "z": -0.45588064193725588
        },
        "rotation": {
          "x": 0.0,
          "y": 0.0,
          "z": 0.0,
          "w": 0.0
        }
      }
    },
    {
      "joint": "Wrist",
      "pose": {
        "position": {
          "x": 0.07915662229061127,
          "y": -0.13887012004852296,
          "z": -0.010340530425310135
        },
        "rotation": {
          "x": -0.5914298295974731,
          "y": -0.2676140367984772,
          "z": -0.06283169984817505,
          "w": 0.7577439546585083
        }
      }
    },
    {
      "joint": "Palm",
      "pose": {
        "position": {
          "x": 0.06830108910799027,
          "y": -0.09366560727357865,
          "z": -0.0000256318598985672
        },
        "rotation": {
          "x": -0.5914298295974731,
          "y": -0.2676140367984772,
          "z": -0.06283169984817505,
          "w": 0.7577439546585083
        }
      }
    },
    {
      "joint": "ThumbMetacarpalJoint",
      "pose": {
        "position": {
          "x": 0.05787024274468422,
          "y": -0.12883375585079194,
          "z": -0.005382232367992401
        },
        "rotation": {
          "x": 0.4801919758319855,
          "y": -0.04491055756807327,
          "z": -0.7443504333496094,
          "w": -0.4627794027328491
        }
      }
    },
    {
      "joint": "ThumbProximalJoint",
      "pose": {
        "position": {
          "x": 0.030012525618076326,
          "y": -0.10770050436258316,
          "z": 0.016813457012176515
        },
        "rotation": {
          "x": 0.312323659658432,
          "y": -0.2742984890937805,
          "z": -0.6935320496559143,
          "w": -0.5894817113876343
        }
      }
    },
    {
      "joint": "ThumbDistalJoint",
      "pose": {
        "position": {
          "x": 0.026396021246910096,
          "y": -0.08305369317531586,
          "z": 0.03835996612906456
        },
        "rotation": {
          "x": 0.26157766580581667,
          "y": -0.3302468955516815,
          "z": -0.6686716675758362,
          "w": -0.6136223673820496
        }
      }
    },
    {
      "joint": "ThumbTip",
      "pose": {
        "position": {
          "x": 0.027343440800905229,
          "y": -0.07000578194856644,
          "z": 0.04939644783735275
        },
        "rotation": {
          "x": 0.26157766580581667,
          "y": -0.3302468955516815,
          "z": -0.6686716675758362,
          "w": -0.6136223673820496
        }
      }
    },
    {
      "joint": "IndexMetacarpal",
      "pose": {
        "position": {
          "x": 0.06611358374357224,
          "y": -0.12426556646823883,
          "z": -0.0055283233523368839
        },
        "rotation": {
          "x": -0.5613270998001099,
          "y": -0.42208683490753176,
          "z": -0.06766947358846665,
          "w": 0.7086432576179504
        }
      }
    },
    {
      "joint": "IndexKnuckle",
      "pose": {
        "position": {
          "x": 0.034438081085681918,
          "y": -0.0725482851266861,
          "z": -0.004708992317318916
        },
        "rotation": {
          "x": -0.6286489963531494,
          "y": -0.2787279188632965,
          "z": 0.040076885372400287,
          "w": 0.7249277830123901
        }
      }
    },
    {
      "joint": "IndexMiddleJoint",
      "pose": {
        "position": {
          "x": 0.015563697554171086,
          "y": -0.03562714159488678,
          "z": -0.0024565430358052255
        },
        "rotation": {
          "x": -0.6645650863647461,
          "y": -0.2075067013502121,
          "z": 0.10458821058273316,
          "w": 0.7102522253990173
        }
      }
    },
    {
      "joint": "IndexDistalJoint",
      "pose": {
        "position": {
          "x": 0.005756473168730736,
          "y": -0.015270628966391087,
          "z": -0.0017626225017011166
        },
        "rotation": {
          "x": -0.6223592162132263,
          "y": -0.24349386990070344,
          "z": 0.01842544600367546,
          "w": 0.7439839839935303
        }
      }
    },
    {
      "joint": "IndexTip",
      "pose": {
        "position": {
          "x": 0.00011674128472805023,
          "y": -0.0018588211387395859,
          "z": -0.00020025699632242322
        },
        "rotation": {
          "x": -0.6223592162132263,
          "y": -0.24349386990070344,
          "z": 0.01842544600367546,
          "w": 0.7439839839935303
        }
      }
    },
    {
      "joint": "MiddleMetacarpal",
      "pose": {
        "position": {
          "x": 0.07268297672271729,
          "y": -0.12254584580659867,
          "z": -0.004201311618089676
        },
        "rotation": {
          "x": -0.6534333825111389,
          "y": -0.22906279563903809,
          "z": -0.018352244049310685,
          "w": 0.7212615013122559
        }
      }
    },
    {
      "joint": "MiddleKnuckle",
      "pose": {
        "position": {
          "x": 0.054447855800390246,
          "y": -0.06595612317323685,
          "z": -0.0017550308257341385
        },
        "rotation": {
          "x": -0.5899049043655396,
          "y": -0.16088859736919404,
          "z": -0.018363818526268007,
          "w": 0.7910826206207275
        }
      }
    },
    {
      "joint": "MiddleMiddleJoint",
      "pose": {
        "position": {
          "x": 0.04355549067258835,
          "y": -0.022029317915439607,
          "z": 0.010043984279036522
        },
        "rotation": {
          "x": -0.6020974516868591,
          "y": -0.14070262014865876,
          "z": -0.036361001431941989,
          "w": 0.7852000594139099
        }
      }
    },
    {
      "joint": "MiddleDistalJoint",
      "pose": {
        "position": {
          "x": 0.03923114016652107,
          "y": 0.0012873951345682145,
          "z": 0.015791211277246476
        },
        "rotation": {
          "x": -0.5366969108581543,
          "y": -0.17153941094875337,
          "z": -0.09987709671258927,
          "w": 0.8206644058227539
        }
      }
    },
    {
      "joint": "MiddleTip",
      "pose": {
        "position": {
          "x": 0.03647539019584656,
          "y": 0.015714645385742189,
          "z": 0.021557386964559556
        },
        "rotation": {
          "x": -0.5366969108581543,
          "y": -0.17153941094875337,
          "z": -0.09987709671258927,
          "w": 0.8206644058227539
        }
      }
    },
    {
      "joint": "RingMetacarpal",
      "pose": {
        "position": {
          "x": 0.08137646317481995,
          "y": -0.11985518038272858,
          "z": -0.00190657377243042
        },
        "rotation": {
          "x": -0.6267969012260437,
          "y": -0.10518965870141983,
          "z": 0.02498382329940796,
          "w": 0.7716453075408936
        }
      }
    },
    {
      "joint": "RingKnuckle",
      "pose": {
        "position": {
          "x": 0.07067620009183884,
          "y": -0.06669728457927704,
          "z": 0.008708799257874489
        },
        "rotation": {
          "x": 0.40646883845329287,
          "y": 0.1807955503463745,
          "z": 0.030094729736447336,
          "w": -0.8951042294502258
        }
      }
    },
    {
      "joint": "RingMiddleJoint",
      "pose": {
        "position": {
          "x": 0.060088954865932468,
          "y": -0.04056686535477638,
          "z": 0.03008754923939705
        },
        "rotation": {
          "x": -0.2107616662979126,
          "y": 0.18913404643535615,
          "z": -0.04620787873864174,
          "w": -0.9580028653144836
        }
      }
    },
    {
      "joint": "RingDistalJoint",
      "pose": {
        "position": {
          "x": 0.0528024360537529,
          "y": -0.0495174415409565,
          "z": 0.047927625477313998
        },
        "rotation": {
          "x": -0.449715256690979,
          "y": 0.15903393924236298,
          "z": -0.020673276856541635,
          "w": -0.8789007067680359
        }
      }
    },
    {
      "joint": "RingTip",
      "pose": {
        "position": {
          "x": 0.048170287162065509,
          "y": -0.06364263594150543,
          "z": 0.05758979544043541
        },
        "rotation": {
          "x": -0.449715256690979,
          "y": 0.15903393924236298,
          "z": -0.020673276856541635,
          "w": -0.8789007067680359
        }
      }
    },
    {
      "joint": "PinkyMetacarpal",
      "pose": {
        "position": {
          "x": 0.08909709751605988,
          "y": -0.11985252797603607,
          "z": 0.001964922994375229
        },
        "rotation": {
          "x": -0.5780324339866638,
          "y": -0.0013396204449236394,
          "z": 0.06318691372871399,
          "w": 0.8135625720024109
        }
      }
    },
    {
      "joint": "PinkyKnuckle",
      "pose": {
        "position": {
          "x": 0.0851951465010643,
          "y": -0.07107751816511154,
          "z": 0.019172409549355508
        },
        "rotation": {
          "x": 0.31776368618011477,
          "y": 0.2502634525299072,
          "z": 0.05463750660419464,
          "w": -0.9129235744476318
        }
      }
    },
    {
      "joint": "PinkyMiddleJoint",
      "pose": {
        "position": {
          "x": 0.07433749735355377,
          "y": -0.055455759167671207,
          "z": 0.03647337108850479
        },
        "rotation": {
          "x": -0.17528946697711945,
          "y": 0.2344343513250351,
          "z": 0.019245747476816179,
          "w": -0.9560556411743164
        }
      }
    },
    {
      "joint": "PinkyDistalJoint",
      "pose": {
        "position": {
          "x": 0.06645255535840988,
          "y": -0.06111001968383789,
          "z": 0.050835996866226199
        },
        "rotation": {
          "x": -0.4488738477230072,
          "y": 0.26990553736686709,
          "z": 0.08396486192941666,
          "w": -0.8479632139205933
        }
      }
    },
    {
      "joint": "PinkyTip",
      "pose": {
        "position": {
          "x": 0.05911727994680405,
          "y": -0.07095448672771454,
          "z": 0.05705229192972183
        },
        "rotation": {
          "x": -0.4488738477230072,
          "y": 0.26990553736686709,
          "z": 0.08396486192941666,
          "w": -0.8479632139205933
        }
      }
    }
  ]
}